{
  "info": {
    "name": "Expenses API Collection",
    "description": "Complete collection of expense-related API endpoints for testing and development",
    "schema": "https://schema.getpostman.com/json/collection/v2.1.0/collection.json",
    "version": "1.0.0"
  },
  "auth": {
    "type": "bearer",
    "bearer": [
      {
        "key": "token",
        "value": "{{authToken}}",
        "type": "string"
      }
    ]
  },
  "variable": [
    {
      "key": "baseUrl",
      "value": "http://localhost:3000",
      "type": "string"
    },
    {
      "key": "authToken",
      "value": "",
      "type": "string"
    },
    {
      "key": "expenseId",
      "value": "",
      "type": "string"
    },
    {
      "key": "branchId",
      "value": "",
      "type": "string"
    },
    {
      "key": "userId",
      "value": "",
      "type": "string"
    }
  ],
  "item": [
    {
      "name": "Authentication",
      "item": [
        {
          "name": "Login",
          "request": {
            "method": "POST",
            "header": [
              {
                "key": "Content-Type",
                "value": "application/json"
              }
            ],
            "body": {
              "mode": "raw",
              "raw": "{\n  \"email\": \"admin@example.com\",\n  \"password\": \"password123\"\n}"
            },
            "url": {
              "raw": "{{baseUrl}}/api/auth/login",
              "host": ["{{baseUrl}}"],
              "path": ["api", "auth", "login"]
            }
          },
          "response": []
        }
      ]
    },
    {
      "name": "Expense Management",
      "item": [
        {
          "name": "Create Expense",
          "request": {
            "method": "POST",
            "header": [
              {
                "key": "Content-Type",
                "value": "application/json"
              }
            ],
            "body": {
              "mode": "raw",
              "raw": "{\n  \"title\": \"Office Supplies Purchase\",\n  \"description\": \"Purchase of stationery and office materials\",\n  \"amount\": 150.75,\n  \"expense_type\": \"office_supplies\",\n  \"date\": \"2024-01-15\",\n  \"branch_id\": \"{{branchId}}\",\n  \"vendor\": \"Office Depot\",\n  \"invoice_number\": \"INV-2024-001\",\n  \"payment_method\": \"card\",\n  \"tags\": [\"office\", \"supplies\", \"stationery\"],\n  \"notes\": \"Monthly office supplies replenishment\"\n}"
            },
            "url": {
              "raw": "{{baseUrl}}/api/expenses",
              "host": ["{{baseUrl}}"],
              "path": ["api", "expenses"]
            }
          },
          "response": []
        },
        {
          "name": "Get All Expenses",
          "request": {
            "method": "GET",
            "header": [],
            "url": {
              "raw": "{{baseUrl}}/api/expenses",
              "host": ["{{baseUrl}}"],
              "path": ["api", "expenses"]
            }
          },
          "response": []
        },
        {
          "name": "Get All Expenses with Filters",
          "request": {
            "method": "GET",
            "header": [],
            "url": {
              "raw": "{{baseUrl}}/api/expenses?branch_id={{branchId}}&expense_type=office_supplies&status=approved&approval_status=approved&date_from=2024-01-01&date_to=2024-12-31&vendor=Office Depot&search=supplies",
              "host": ["{{baseUrl}}"],
              "path": ["api", "expenses"],
              "query": [
                {
                  "key": "branch_id",
                  "value": "{{branchId}}"
                },
                {
                  "key": "expense_type",
                  "value": "office_supplies"
                },
                {
                  "key": "status",
                  "value": "approved"
                },
                {
                  "key": "approval_status",
                  "value": "approved"
                },
                {
                  "key": "date_from",
                  "value": "2024-01-01"
                },
                {
                  "key": "date_to",
                  "value": "2024-12-31"
                },
                {
                  "key": "vendor",
                  "value": "Office Depot"
                },
                {
                  "key": "search",
                  "value": "supplies"
                }
              ]
            }
          },
          "response": []
        },
        {
          "name": "Get My Expenses",
          "request": {
            "method": "GET",
            "header": [],
            "url": {
              "raw": "{{baseUrl}}/api/expenses/my",
              "host": ["{{baseUrl}}"],
              "path": ["api", "expenses", "my"]
            }
          },
          "response": []
        },
        {
          "name": "Get Expense by ID",
          "request": {
            "method": "GET",
            "header": [],
            "url": {
              "raw": "{{baseUrl}}/api/expenses/{{expenseId}}",
              "host": ["{{baseUrl}}"],
              "path": ["api", "expenses", "{{expenseId}}"]
            }
          },
          "response": []
        },
        {
          "name": "Update Expense",
          "request": {
            "method": "PUT",
            "header": [
              {
                "key": "Content-Type",
                "value": "application/json"
              }
            ],
            "body": {
              "mode": "raw",
              "raw": "{\n  \"title\": \"Updated Office Supplies Purchase\",\n  \"description\": \"Updated purchase of stationery and office materials\",\n  \"amount\": 175.50,\n  \"vendor\": \"Staples\",\n  \"payment_method\": \"bank_transfer\",\n  \"notes\": \"Updated vendor and amount\"\n}"
            },
            "url": {
              "raw": "{{baseUrl}}/api/expenses/{{expenseId}}",
              "host": ["{{baseUrl}}"],
              "path": ["api", "expenses", "{{expenseId}}"]
            }
          },
          "response": []
        },
        {
          "name": "Delete Expense",
          "request": {
            "method": "DELETE",
            "header": [],
            "url": {
              "raw": "{{baseUrl}}/api/expenses/{{expenseId}}",
              "host": ["{{baseUrl}}"],
              "path": ["api", "expenses", "{{expenseId}}"]
            }
          },
          "response": []
        }
      ]
    },
    {
      "name": "Receipt Management",
      "item": [
        {
          "name": "Add Receipt Image",
          "request": {
            "method": "POST",
            "header": [
              {
                "key": "Content-Type",
                "value": "application/json"
              }
            ],
            "body": {
              "mode": "raw",
              "raw": "{\n  \"url\": \"https://example.com/receipts/receipt-001.jpg\",\n  \"title\": \"Office Supplies Receipt\",\n  \"description\": \"Receipt for office supplies purchase\"\n}"
            },
            "url": {
              "raw": "{{baseUrl}}/api/expenses/{{expenseId}}/receipt-images",
              "host": ["{{baseUrl}}"],
              "path": ["api", "expenses", "{{expenseId}}", "receipt-images"]
            }
          },
          "response": []
        },
        {
          "name": "Remove Receipt Image",
          "request": {
            "method": "DELETE",
            "header": [
              {
                "key": "Content-Type",
                "value": "application/json"
              }
            ],
            "body": {
              "mode": "raw",
              "raw": "{\n  \"url\": \"https://example.com/receipts/receipt-001.jpg\"\n}"
            },
            "url": {
              "raw": "{{baseUrl}}/api/expenses/{{expenseId}}/receipt-images",
              "host": ["{{baseUrl}}"],
              "path": ["api", "expenses", "{{expenseId}}", "receipt-images"]
            }
          },
          "response": []
        }
      ]
    },
    {
      "name": "Approval Management",
      "item": [
        {
          "name": "Approve/Reject Expense",
          "request": {
            "method": "PUT",
            "header": [
              {
                "key": "Content-Type",
                "value": "application/json"
              }
            ],
            "body": {
              "mode": "raw",
              "raw": "{\n  \"approval_status\": \"approved\",\n  \"approval_notes\": \"Expense approved for office supplies purchase\"\n}"
            },
            "url": {
              "raw": "{{baseUrl}}/api/expenses/{{expenseId}}/approval",
              "host": ["{{baseUrl}}"],
              "path": ["api", "expenses", "{{expenseId}}", "approval"]
            }
          },
          "response": []
        },
        {
          "name": "Get Pending Approval Expenses",
          "request": {
            "method": "GET",
            "header": [],
            "url": {
              "raw": "{{baseUrl}}/api/expenses/pending-approval",
              "host": ["{{baseUrl}}"],
              "path": ["api", "expenses", "pending-approval"]
            }
          },
          "response": []
        },
        {
          "name": "Get Pending Approval Expenses by Branch",
          "request": {
            "method": "GET",
            "header": [],
            "url": {
              "raw": "{{baseUrl}}/api/expenses/pending-approval?branch_id={{branchId}}",
              "host": ["{{baseUrl}}"],
              "path": ["api", "expenses", "pending-approval"],
              "query": [
                {
                  "key": "branch_id",
                  "value": "{{branchId}}"
                }
              ]
            }
          },
          "response": []
        }
      ]
    },
    {
      "name": "Analytics & Reports",
      "item": [
        {
          "name": "Get Expense Statistics",
          "request": {
            "method": "GET",
            "header": [],
            "url": {
              "raw": "{{baseUrl}}/api/expenses/statistics",
              "host": ["{{baseUrl}}"],
              "path": ["api", "expenses", "statistics"]
            }
          },
          "response": []
        },
        {
          "name": "Get Expense Statistics with Filters",
          "request": {
            "method": "GET",
            "header": [],
            "url": {
              "raw": "{{baseUrl}}/api/expenses/statistics?branch_id={{branchId}}&created_by={{userId}}&date_from=2024-01-01&date_to=2024-12-31",
              "host": ["{{baseUrl}}"],
              "path": ["api", "expenses", "statistics"],
              "query": [
                {
                  "key": "branch_id",
                  "value": "{{branchId}}"
                },
                {
                  "key": "created_by",
                  "value": "{{userId}}"
                },
                {
                  "key": "date_from",
                  "value": "2024-01-01"
                },
                {
                  "key": "date_to",
                  "value": "2024-12-31"
                }
              ]
            }
          },
          "response": []
        },
        {
          "name": "Get Expenses by Type",
          "request": {
            "method": "GET",
            "header": [],
            "url": {
              "raw": "{{baseUrl}}/api/expenses/by-type",
              "host": ["{{baseUrl}}"],
              "path": ["api", "expenses", "by-type"]
            }
          },
          "response": []
        },
        {
          "name": "Get Expenses by Type with Filters",
          "request": {
            "method": "GET",
            "header": [],
            "url": {
              "raw": "{{baseUrl}}/api/expenses/by-type?branch_id={{branchId}}&date_from=2024-01-01&date_to=2024-12-31",
              "host": ["{{baseUrl}}"],
              "path": ["api", "expenses", "by-type"],
              "query": [
                {
                  "key": "branch_id",
                  "value": "{{branchId}}"
                },
                {
                  "key": "date_from",
                  "value": "2024-01-01"
                },
                {
                  "key": "date_to",
                  "value": "2024-12-31"
                }
              ]
            }
          },
          "response": []
        },
        {
          "name": "Get Expenses by Branch",
          "request": {
            "method": "GET",
            "header": [],
            "url": {
              "raw": "{{baseUrl}}/api/expenses/branch/{{branchId}}",
              "host": ["{{baseUrl}}"],
              "path": ["api", "expenses", "branch", "{{branchId}}"]
            }
          },
          "response": []
        }
      ]
    },
    {
      "name": "Utility Endpoints",
      "item": [
        {
          "name": "Get Expense Types",
          "request": {
            "method": "GET",
            "header": [],
            "url": {
              "raw": "{{baseUrl}}/api/expenses/types",
              "host": ["{{baseUrl}}"],
              "path": ["api", "expenses", "types"]
            }
          },
          "response": []
        }
      ]
    },
    {
      "name": "Test Data Examples",
      "item": [
        {
          "name": "Create Equipment Expense",
          "request": {
            "method": "POST",
            "header": [
              {
                "key": "Content-Type",
                "value": "application/json"
              }
            ],
            "body": {
              "mode": "raw",
              "raw": "{\n  \"title\": \"Laptop Purchase\",\n  \"description\": \"New laptop for development team\",\n  \"amount\": 1250.00,\n  \"expense_type\": \"equipment\",\n  \"date\": \"2024-01-20\",\n  \"branch_id\": \"{{branchId}}\",\n  \"vendor\": \"Tech Solutions Inc\",\n  \"invoice_number\": \"TS-2024-003\",\n  \"payment_method\": \"bank_transfer\",\n  \"tags\": [\"equipment\", \"laptop\", \"development\"],\n  \"notes\": \"Laptop for new developer\"\n}"
            },
            "url": {
              "raw": "{{baseUrl}}/api/expenses",
              "host": ["{{baseUrl}}"],
              "path": ["api", "expenses"]
            }
          },
          "response": []
        },
        {
          "name": "Create Travel Expense",
          "request": {
            "method": "POST",
            "header": [
              {
                "key": "Content-Type",
                "value": "application/json"
              }
            ],
            "body": {
              "mode": "raw",
              "raw": "{\n  \"title\": \"Business Trip to Dubai\",\n  \"description\": \"Flight and accommodation for client meeting\",\n  \"amount\": 850.50,\n  \"expense_type\": \"travel\",\n  \"date\": \"2024-01-25\",\n  \"branch_id\": \"{{branchId}}\",\n  \"vendor\": \"Emirates Airlines\",\n  \"payment_method\": \"card\",\n  \"tags\": [\"travel\", \"business\", \"client\"],\n  \"notes\": \"Meeting with key client in Dubai\"\n}"
            },
            "url": {
              "raw": "{{baseUrl}}/api/expenses",
              "host": ["{{baseUrl}}"],
              "path": ["api", "expenses"]
            }
          },
          "response": []
        },
        {
          "name": "Create Fuel Expense",
          "request": {
            "method": "POST",
            "header": [
              {
                "key": "Content-Type",
                "value": "application/json"
              }
            ],
            "body": {
              "mode": "raw",
              "raw": "{\n  \"title\": \"Vehicle Fuel\",\n  \"description\": \"Fuel for company vehicle\",\n  \"amount\": 75.25,\n  \"expense_type\": \"fuel\",\n  \"date\": \"2024-01-30\",\n  \"branch_id\": \"{{branchId}}\",\n  \"vendor\": \"ENOC Petrol Station\",\n  \"payment_method\": \"card\",\n  \"tags\": [\"fuel\", \"vehicle\", \"transport\"],\n  \"notes\": \"Weekly fuel for delivery vehicle\"\n}"
            },
            "url": {
              "raw": "{{baseUrl}}/api/expenses",
              "host": ["{{baseUrl}}"],
              "path": ["api", "expenses"]
            }
          },
          "response": []
        },
        {
          "name": "Create Maintenance Expense",
          "request": {
            "method": "POST",
            "header": [
              {
                "key": "Content-Type",
                "value": "application/json"
              }
            ],
            "body": {
              "mode": "raw",
              "raw": "{\n  \"title\": \"Office AC Maintenance\",\n  \"description\": \"Regular maintenance service for office air conditioning\",\n  \"amount\": 200.00,\n  \"expense_type\": \"maintenance\",\n  \"date\": \"2024-02-01\",\n  \"branch_id\": \"{{branchId}}\",\n  \"vendor\": \"Cool Air Services\",\n  \"invoice_number\": \"CAS-2024-015\",\n  \"payment_method\": \"bank_transfer\",\n  \"tags\": [\"maintenance\", \"ac\", \"office\"],\n  \"notes\": \"Quarterly AC maintenance service\"\n}"
            },
            "url": {
              "raw": "{{baseUrl}}/api/expenses",
              "host": ["{{baseUrl}}"],
              "path": ["api", "expenses"]
            }
          },
          "response": []
        }
      ]
    }
  ],
  "event": [
    {
      "listen": "prerequest",
      "script": {
        "type": "text/javascript",
        "exec": [
          ""
        ]
      }
    },
    {
      "listen": "test",
      "script": {
        "type": "text/javascript",
        "exec": [
          "// Auto-extract auth token from login response",
          "if (pm.response.json() && pm.response.json().token) {",
          "    pm.collectionVariables.set('authToken', pm.response.json().token);",
          "}",
          "",
          "// Auto-extract expense ID from create expense response",
          "if (pm.response.json() && pm.response.json()._id) {",
          "    pm.collectionVariables.set('expenseId', pm.response.json()._id);",
          "}",
          "",
          "// Auto-extract branch ID from branch responses",
          "if (pm.response.json() && pm.response.json().branch_id) {",
          "    pm.collectionVariables.set('branchId', pm.response.json().branch_id);",
          "}",
          "",
          "// Auto-extract user ID from user responses",
          "if (pm.response.json() && pm.response.json().user_id) {",
          "    pm.collectionVariables.set('userId', pm.response.json().user_id);",
          "}"
        ]
      }
    }
  ]
}
