{
  "info": {
    "name": "Expenses API Collection (Corrected)",
    "description": "Complete collection of expense-related API endpoints with correct field mappings for the fixed implementation",
    "schema": "https://schema.getpostman.com/json/collection/v2.1.0/collection.json",
    "version": "2.0.0"
  },
  "auth": {
    "type": "bearer",
    "bearer": [
      {
        "key": "token",
        "value": "{{authToken}}",
        "type": "string"
      }
    ]
  },
  "variable": [
    {
      "key": "baseUrl",
      "value": "http://localhost:3000",
      "type": "string"
    },
    {
      "key": "authToken",
      "value": "",
      "type": "string"
    },
    {
      "key": "expenseId",
      "value": "",
      "type": "string"
    },
    {
      "key": "branchId",
      "value": "68460d027a461fb930412fdc",
      "type": "string"
    },
    {
      "key": "userId",
      "value": "68460d027a461fb930412fdd",
      "type": "string"
    }
  ],
  "item": [
    {
      "name": "Authentication",
      "item": [
        {
          "name": "Login",
          "event": [
            {
              "listen": "test",
              "script": {
                "exec": [
                  "if (pm.response.code === 200) {",
                  "    const response = pm.response.json();",
                  "    pm.collectionVariables.set('authToken', response.token);",
                  "    pm.collectionVariables.set('userId', response.user.id);",
                  "    if (response.user.branch && response.user.branch.branch_id) {",
                  "        pm.collectionVariables.set('branchId', response.user.branch.branch_id);",
                  "    }",
                  "}"
                ],
                "type": "text/javascript"
              }
            }
          ],
          "request": {
            "method": "POST",
            "header": [
              {
                "key": "Content-Type",
                "value": "application/json"
              }
            ],
            "body": {
              "mode": "raw",
              "raw": "{\n  \"email\": \"admin@example.com\",\n  \"password\": \"admin123!\"\n}"
            },
            "url": {
              "raw": "{{baseUrl}}/api/users/login",
              "host": ["{{baseUrl}}"],
              "path": ["api", "users", "login"]
            }
          },
          "response": []
        },
        {
          "name": "Get User Info",
          "request": {
            "method": "GET",
            "header": [
              {
                "key": "Authorization",
                "value": "Bearer {{authToken}}"
              }
            ],
            "url": {
              "raw": "{{baseUrl}}/api/users/{{userId}}",
              "host": ["{{baseUrl}}"],
              "path": ["api", "users", "{{userId}}"]
            }
          },
          "response": []
        }
      ]
    },
    {
      "name": "Expense Management",
      "item": [
        {
          "name": "Create Expense (Frontend Format)",
          "event": [
            {
              "listen": "test",
              "script": {
                "exec": [
                  "if (pm.response.code === 201) {",
                  "    const response = pm.response.json();",
                  "    pm.collectionVariables.set('expenseId', response._id);",
                  "}"
                ],
                "type": "text/javascript"
              }
            }
          ],
          "request": {
            "method": "POST",
            "header": [
              {
                "key": "Content-Type",
                "value": "application/json"
              },
              {
                "key": "Authorization",
                "value": "Bearer {{authToken}}"
              }
            ],
            "body": {
              "mode": "raw",
              "raw": "{\n  \"description\": \"Office Supplies Purchase\",\n  \"amount\": 150.75,\n  \"category\": \"office_supplies\",\n  \"date\": \"2025-06-09T13:00:00.000Z\",\n  \"vendor\": \"Office Depot\",\n  \"invoice_number\": \"INV-2025-001\",\n  \"payment_method\": \"card\",\n  \"tags\": [\"office\", \"supplies\", \"stationery\"],\n  \"notes\": \"Monthly office supplies replenishment\"\n}"
            },
            "url": {
              "raw": "{{baseUrl}}/api/expenses",
              "host": ["{{baseUrl}}"],
              "path": ["api", "expenses"]
            }
          },
          "response": []
        },
        {
          "name": "Create Expense - Equipment",
          "request": {
            "method": "POST",
            "header": [
              {
                "key": "Content-Type",
                "value": "application/json"
              },
              {
                "key": "Authorization",
                "value": "Bearer {{authToken}}"
              }
            ],
            "body": {
              "mode": "raw",
              "raw": "{\n  \"description\": \"New computer equipment for development team\",\n  \"amount\": 2500.00,\n  \"category\": \"equipment\",\n  \"date\": \"2025-06-09T14:00:00.000Z\",\n  \"vendor\": \"Tech Solutions Inc\",\n  \"invoice_number\": \"TECH-2025-001\",\n  \"payment_method\": \"bank_transfer\",\n  \"tags\": [\"computer\", \"equipment\", \"development\"],\n  \"notes\": \"High-performance workstation for software development\"\n}"
            },
            "url": {
              "raw": "{{baseUrl}}/api/expenses",
              "host": ["{{baseUrl}}"],
              "path": ["api", "expenses"]
            }
          },
          "response": []
        },
        {
          "name": "Create Expense - Travel",
          "request": {
            "method": "POST",
            "header": [
              {
                "key": "Content-Type",
                "value": "application/json"
              },
              {
                "key": "Authorization",
                "value": "Bearer {{authToken}}"
              }
            ],
            "body": {
              "mode": "raw",
              "raw": "{\n  \"description\": \"Business trip to client site\",\n  \"amount\": 850.50,\n  \"category\": \"travel\",\n  \"date\": \"2025-06-09T15:00:00.000Z\",\n  \"vendor\": \"Emirates Airlines\",\n  \"invoice_number\": \"EK-2025-001\",\n  \"payment_method\": \"card\",\n  \"tags\": [\"travel\", \"client\", \"business\"],\n  \"notes\": \"Travel expenses for client meeting in Dubai\"\n}"
            },
            "url": {
              "raw": "{{baseUrl}}/api/expenses",
              "host": ["{{baseUrl}}"],
              "path": ["api", "expenses"]
            }
          },
          "response": []
        },
        {
          "name": "Get All Expenses",
          "request": {
            "method": "GET",
            "header": [
              {
                "key": "Authorization",
                "value": "Bearer {{authToken}}"
              }
            ],
            "url": {
              "raw": "{{baseUrl}}/api/expenses",
              "host": ["{{baseUrl}}"],
              "path": ["api", "expenses"]
            }
          },
          "response": []
        },
        {
          "name": "Get Expenses with Filters",
          "request": {
            "method": "GET",
            "header": [
              {
                "key": "Authorization",
                "value": "Bearer {{authToken}}"
              }
            ],
            "url": {
              "raw": "{{baseUrl}}/api/expenses?branch_id={{branchId}}&expense_type=office_supplies&status=draft&approval_status=pending&date_from=2025-01-01&date_to=2025-12-31&vendor=Office Depot&search=supplies",
              "host": ["{{baseUrl}}"],
              "path": ["api", "expenses"],
              "query": [
                {
                  "key": "branch_id",
                  "value": "{{branchId}}"
                },
                {
                  "key": "expense_type",
                  "value": "office_supplies"
                },
                {
                  "key": "status",
                  "value": "draft"
                },
                {
                  "key": "approval_status",
                  "value": "pending"
                },
                {
                  "key": "date_from",
                  "value": "2025-01-01"
                },
                {
                  "key": "date_to",
                  "value": "2025-12-31"
                },
                {
                  "key": "vendor",
                  "value": "Office Depot"
                },
                {
                  "key": "search",
                  "value": "supplies"
                }
              ]
            }
          },
          "response": []
        },
        {
          "name": "Get My Expenses",
          "request": {
            "method": "GET",
            "header": [
              {
                "key": "Authorization",
                "value": "Bearer {{authToken}}"
              }
            ],
            "url": {
              "raw": "{{baseUrl}}/api/expenses/my",
              "host": ["{{baseUrl}}"],
              "path": ["api", "expenses", "my"]
            }
          },
          "response": []
        },
        {
          "name": "Get Expense by ID",
          "request": {
            "method": "GET",
            "header": [
              {
                "key": "Authorization",
                "value": "Bearer {{authToken}}"
              }
            ],
            "url": {
              "raw": "{{baseUrl}}/api/expenses/{{expenseId}}",
              "host": ["{{baseUrl}}"],
              "path": ["api", "expenses", "{{expenseId}}"]
            }
          },
          "response": []
        },
        {
          "name": "Update Expense",
          "request": {
            "method": "PUT",
            "header": [
              {
                "key": "Content-Type",
                "value": "application/json"
              },
              {
                "key": "Authorization",
                "value": "Bearer {{authToken}}"
              }
            ],
            "body": {
              "mode": "raw",
              "raw": "{\n  \"title\": \"Updated Office Supplies Purchase\",\n  \"description\": \"Updated purchase of stationery and office materials\",\n  \"amount\": 175.50,\n  \"expense_type\": \"office_supplies\",\n  \"vendor\": \"Staples\",\n  \"notes\": \"Updated monthly office supplies replenishment with additional items\"\n}"
            },
            "url": {
              "raw": "{{baseUrl}}/api/expenses/{{expenseId}}",
              "host": ["{{baseUrl}}"],
              "path": ["api", "expenses", "{{expenseId}}"]
            }
          },
          "response": []
        },
        {
          "name": "Delete Expense",
          "request": {
            "method": "DELETE",
            "header": [
              {
                "key": "Authorization",
                "value": "Bearer {{authToken}}"
              }
            ],
            "url": {
              "raw": "{{baseUrl}}/api/expenses/{{expenseId}}",
              "host": ["{{baseUrl}}"],
              "path": ["api", "expenses", "{{expenseId}}"]
            }
          },
          "response": []
        }
      ]
    },
    {
      "name": "Expense Analytics",
      "item": [
        {
          "name": "Get Expense Statistics",
          "request": {
            "method": "GET",
            "header": [
              {
                "key": "Authorization",
                "value": "Bearer {{authToken}}"
              }
            ],
            "url": {
              "raw": "{{baseUrl}}/api/expenses/statistics?branch_id={{branchId}}&date_from=2025-01-01&date_to=2025-12-31",
              "host": ["{{baseUrl}}"],
              "path": ["api", "expenses", "statistics"],
              "query": [
                {
                  "key": "branch_id",
                  "value": "{{branchId}}"
                },
                {
                  "key": "date_from",
                  "value": "2025-01-01"
                },
                {
                  "key": "date_to",
                  "value": "2025-12-31"
                }
              ]
            }
          },
          "response": []
        },
        {
          "name": "Get Expenses by Type",
          "request": {
            "method": "GET",
            "header": [
              {
                "key": "Authorization",
                "value": "Bearer {{authToken}}"
              }
            ],
            "url": {
              "raw": "{{baseUrl}}/api/expenses/by-type?branch_id={{branchId}}&date_from=2025-01-01&date_to=2025-12-31",
              "host": ["{{baseUrl}}"],
              "path": ["api", "expenses", "by-type"],
              "query": [
                {
                  "key": "branch_id",
                  "value": "{{branchId}}"
                },
                {
                  "key": "date_from",
                  "value": "2025-01-01"
                },
                {
                  "key": "date_to",
                  "value": "2025-12-31"
                }
              ]
            }
          },
          "response": []
        },
        {
          "name": "Get Expense Types",
          "request": {
            "method": "GET",
            "header": [
              {
                "key": "Authorization",
                "value": "Bearer {{authToken}}"
              }
            ],
            "url": {
              "raw": "{{baseUrl}}/api/expenses/types",
              "host": ["{{baseUrl}}"],
              "path": ["api", "expenses", "types"]
            }
          },
          "response": []
        }
      ]
    },
    {
      "name": "Expense Approval",
      "item": [
        {
          "name": "Get Pending Approvals",
          "request": {
            "method": "GET",
            "header": [
              {
                "key": "Authorization",
                "value": "Bearer {{authToken}}"
              }
            ],
            "url": {
              "raw": "{{baseUrl}}/api/expenses/pending-approval?branch_id={{branchId}}",
              "host": ["{{baseUrl}}"],
              "path": ["api", "expenses", "pending-approval"],
              "query": [
                {
                  "key": "branch_id",
                  "value": "{{branchId}}"
                }
              ]
            }
          },
          "response": []
        },
        {
          "name": "Approve Expense",
          "request": {
            "method": "PUT",
            "header": [
              {
                "key": "Content-Type",
                "value": "application/json"
              },
              {
                "key": "Authorization",
                "value": "Bearer {{authToken}}"
              }
            ],
            "body": {
              "mode": "raw",
              "raw": "{\n  \"approval_status\": \"approved\",\n  \"approval_notes\": \"Expense approved - valid business expense with proper documentation\"\n}"
            },
            "url": {
              "raw": "{{baseUrl}}/api/expenses/{{expenseId}}/approval",
              "host": ["{{baseUrl}}"],
              "path": ["api", "expenses", "{{expenseId}}", "approval"]
            }
          },
          "response": []
        },
        {
          "name": "Reject Expense",
          "request": {
            "method": "PUT",
            "header": [
              {
                "key": "Content-Type",
                "value": "application/json"
              },
              {
                "key": "Authorization",
                "value": "Bearer {{authToken}}"
              }
            ],
            "body": {
              "mode": "raw",
              "raw": "{\n  \"approval_status\": \"rejected\",\n  \"approval_notes\": \"Expense rejected - insufficient documentation or invalid business purpose\"\n}"
            },
            "url": {
              "raw": "{{baseUrl}}/api/expenses/{{expenseId}}/approval",
              "host": ["{{baseUrl}}"],
              "path": ["api", "expenses", "{{expenseId}}", "approval"]
            }
          },
          "response": []
        }
      ]
    },
    {
      "name": "Receipt Management",
      "item": [
        {
          "name": "Add Receipt Image",
          "request": {
            "method": "POST",
            "header": [
              {
                "key": "Content-Type",
                "value": "application/json"
              },
              {
                "key": "Authorization",
                "value": "Bearer {{authToken}}"
              }
            ],
            "body": {
              "mode": "raw",
              "raw": "{\n  \"url\": \"https://example.com/receipts/receipt-001.jpg\",\n  \"title\": \"Office Supplies Receipt\",\n  \"description\": \"Receipt for office supplies purchase from Office Depot\"\n}"
            },
            "url": {
              "raw": "{{baseUrl}}/api/expenses/{{expenseId}}/receipt-images",
              "host": ["{{baseUrl}}"],
              "path": ["api", "expenses", "{{expenseId}}", "receipt-images"]
            }
          },
          "response": []
        },
        {
          "name": "Remove Receipt Image",
          "request": {
            "method": "DELETE",
            "header": [
              {
                "key": "Content-Type",
                "value": "application/json"
              },
              {
                "key": "Authorization",
                "value": "Bearer {{authToken}}"
              }
            ],
            "body": {
              "mode": "raw",
              "raw": "{\n  \"url\": \"https://example.com/receipts/receipt-001.jpg\"\n}"
            },
            "url": {
              "raw": "{{baseUrl}}/api/expenses/{{expenseId}}/receipt-images",
              "host": ["{{baseUrl}}"],
              "path": ["api", "expenses", "{{expenseId}}", "receipt-images"]
            }
          },
          "response": []
        }
      ]
    },
    {
      "name": "Branch-Specific",
      "item": [
        {
          "name": "Get Expenses by Branch",
          "request": {
            "method": "GET",
            "header": [
              {
                "key": "Authorization",
                "value": "Bearer {{authToken}}"
              }
            ],
            "url": {
              "raw": "{{baseUrl}}/api/expenses/branch/{{branchId}}",
              "host": ["{{baseUrl}}"],
              "path": ["api", "expenses", "branch", "{{branchId}}"]
            }
          },
          "response": []
        }
      ]
    },
    {
      "name": "Status Values Reference",
      "item": [
        {
          "name": "Valid Status Values",
          "request": {
            "method": "GET",
            "header": [],
            "url": {
              "raw": "{{baseUrl}}/api/expenses/types",
              "host": ["{{baseUrl}}"],
              "path": ["api", "expenses", "types"]
            }
          },
          "response": [],
          "description": "Status field valid values:\n- draft\n- submitted\n- approved\n- rejected\n- paid\n\nApproval Status field valid values:\n- pending\n- approved\n- rejected\n\nExpense Type field valid values:\n- office_supplies\n- equipment\n- utilities\n- rent\n- maintenance\n- fuel\n- travel\n- meals\n- marketing\n- insurance\n- professional_services\n- software_licenses\n- telecommunications\n- training\n- repairs\n- inventory\n- miscellaneous"
        }
      ]
    }
  ]
}
