{
  "info": {
    "_postman_id": "8a5f2e1c-d3b8-4f5a-9c7e-234567890abc",
    "name": "GMS - Case Management",
    "description": "A comprehensive collection for testing the Case Management API endpoints in the Garage Management System. This collection covers all CRUD operations, file uploads, statistics, and advanced filtering capabilities.",
    "schema": "https://schema.getpostman.com/json/collection/v2.1.0/collection.json",
    "_exporter_id": "12345678"
  },
  "item": [
    {
      "name": "Authentication",
      "item": [
        {
          "name": "Login (Get Token)",
          "event": [
            {
              "listen": "test",
              "script": {
                "exec": [
                  "if (pm.response.code === 200) {",
                  "    const response = pm.response.json();",
                  "    pm.environment.set('token', response.token);",
                  "    pm.environment.set('user_id', response.user._id);",
                  "    console.log('Token saved:', response.token);",
                  "}"
                ],
                "type": "text/javascript"
              }
            }
          ],
          "request": {
            "method": "POST",
            "header": [
              {
                "key": "Content-Type",
                "value": "application/json"
              }
            ],
            "body": {
              "mode": "raw",
              "raw": "{\n  \"email\": \"admin@example.com\",\n  \"password\": \"admin123\"\n}"
            },
            "url": {
              "raw": "{{base_url}}/api/users/login",
              "host": [
                "{{base_url}}"
              ],
              "path": [
                "api",
                "users",
                "login"
              ]
            },
            "description": "Login to get authentication token. The token will be automatically saved to environment variables."
          },
          "response": []
        }
      ],
      "description": "Authentication endpoints to get access tokens for API testing."
    },
    {
      "name": "Cases - CRUD Operations",
      "item": [
        {
          "name": "Create Case",
          "event": [
            {
              "listen": "test",
              "script": {
                "exec": [
                  "if (pm.response.code === 201) {",
                  "    const response = pm.response.json();",
                  "    pm.environment.set('case_id', response.data._id);",
                  "    console.log('Case created with ID:', response.data._id);",
                  "    pm.test('Case created successfully', function () {",
                  "        pm.expect(response.success).to.be.true;",
                  "        pm.expect(response.data.title).to.eql('Customer Service Issue');",
                  "    });",
                  "}"
                ],
                "type": "text/javascript"
              }
            }
          ],
          "request": {
            "auth": {
              "type": "bearer",
              "bearer": [
                {
                  "key": "token",
                  "value": "{{token}}",
                  "type": "string"
                }
              ]
            },
            "method": "POST",
            "header": [
              {
                "key": "Content-Type",
                "value": "application/json"
              }
            ],
            "body": {
              "mode": "raw",
              "raw": "{\n  \"title\": \"Customer Service Issue\",\n  \"description\": \"Customer reported a problem with their recent service appointment. The work was completed but there were issues with the quality of service provided. Customer is requesting a follow-up inspection and possible rework.\",\n  \"priority\": \"high\",\n  \"linkedTo\": {\n    \"type\": \"customer\",\n    \"id\": \"{{customer_id}}\",\n    \"reference\": \"CUST-12345\"\n  },\n  \"assignedTo\": \"{{user_id}}\",\n  \"tags\": [\"customer-service\", \"quality-issue\", \"follow-up\"],\n  \"dueDate\": \"2025-06-15T17:00:00Z\"\n}"
            },
            "url": {
              "raw": "{{base_url}}/api/cases",
              "host": [
                "{{base_url}}"
              ],
              "path": [
                "api",
                "cases"
              ]
            },
            "description": "Create a new case in the system. This example creates a customer service issue case with high priority."
          },
          "response": []
        },
        {
          "name": "Get All Cases",
          "request": {
            "auth": {
              "type": "bearer",
              "bearer": [
                {
                  "key": "token",
                  "value": "{{token}}",
                  "type": "string"
                }
              ]
            },
            "method": "GET",
            "header": [],
            "url": {
              "raw": "{{base_url}}/api/cases?page=1&limit=10&sortBy=createdAt&sortOrder=desc",
              "host": [
                "{{base_url}}"
              ],
              "path": [
                "api",
                "cases"
              ],
              "query": [
                {
                  "key": "page",
                  "value": "1",
                  "description": "Page number for pagination"
                },
                {
                  "key": "limit",
                  "value": "10",
                  "description": "Number of cases per page"
                },
                {
                  "key": "sortBy",
                  "value": "createdAt",
                  "description": "Field to sort by"
                },
                {
                  "key": "sortOrder",
                  "value": "desc",
                  "description": "Sort order (asc/desc)"
                }
              ]
            },
            "description": "Retrieve all cases with pagination. Returns cases sorted by creation date in descending order."
          },
          "response": []
        },
        {
          "name": "Get Case by ID",
          "request": {
            "auth": {
              "type": "bearer",
              "bearer": [
                {
                  "key": "token",
                  "value": "{{token}}",
                  "type": "string"
                }
              ]
            },
            "method": "GET",
            "header": [],
            "url": {
              "raw": "{{base_url}}/api/cases/{{case_id}}",
              "host": [
                "{{base_url}}"
              ],
              "path": [
                "api",
                "cases",
                "{{case_id}}"
              ]
            },
            "description": "Retrieve detailed information for a specific case including notes, attachments, and activity history."
          },
          "response": []
        },
        {
          "name": "Update Case",
          "request": {
            "auth": {
              "type": "bearer",
              "bearer": [
                {
                  "key": "token",
                  "value": "{{token}}",
                  "type": "string"
                }
              ]
            },
            "method": "PUT",
            "header": [
              {
                "key": "Content-Type",
                "value": "application/json"
              }
            ],
            "body": {
              "mode": "raw",
              "raw": "{\n  \"status\": \"in-progress\",\n  \"priority\": \"urgent\",\n  \"assignedTo\": \"{{user_id}}\",\n  \"tags\": [\"customer-service\", \"quality-issue\", \"urgent\", \"escalated\"]\n}"
            },
            "url": {
              "raw": "{{base_url}}/api/cases/{{case_id}}",
              "host": [
                "{{base_url}}"
              ],
              "path": [
                "api",
                "cases",
                "{{case_id}}"
              ]
            },
            "description": "Update an existing case. This example updates the status to in-progress and escalates the priority to urgent."
          },
          "response": []
        },
        {
          "name": "Delete Case",
          "request": {
            "auth": {
              "type": "bearer",
              "bearer": [
                {
                  "key": "token",
                  "value": "{{token}}",
                  "type": "string"
                }
              ]
            },
            "method": "DELETE",
            "header": [],
            "url": {
              "raw": "{{base_url}}/api/cases/{{case_id}}",
              "host": [
                "{{base_url}}"
              ],
              "path": [
                "api",
                "cases",
                "{{case_id}}"
              ]
            },
            "description": "Delete a case permanently. This operation requires admin or supervisor permissions."
          },
          "response": []
        }
      ],
      "description": "Basic CRUD operations for case management."
    },
    {
      "name": "Cases - Advanced Filtering",
      "item": [
        {
          "name": "Filter by Status",
          "request": {
            "auth": {
              "type": "bearer",
              "bearer": [
                {
                  "key": "token",
                  "value": "{{token}}",
                  "type": "string"
                }
              ]
            },
            "method": "GET",
            "header": [],
            "url": {
              "raw": "{{base_url}}/api/cases?status=open&page=1&limit=10",
              "host": [
                "{{base_url}}"
              ],
              "path": [
                "api",
                "cases"
              ],
              "query": [
                {
                  "key": "status",
                  "value": "open",
                  "description": "Filter by case status"
                },
                {
                  "key": "page",
                  "value": "1"
                },
                {
                  "key": "limit",
                  "value": "10"
                }
              ]
            },
            "description": "Filter cases by status. Valid statuses: open, in-progress, pending, resolved, closed."
          },
          "response": []
        },
        {
          "name": "Filter by Priority",
          "request": {
            "auth": {
              "type": "bearer",
              "bearer": [
                {
                  "key": "token",
                  "value": "{{token}}",
                  "type": "string"
                }
              ]
            },
            "method": "GET",
            "header": [],
            "url": {
              "raw": "{{base_url}}/api/cases?priority=high&priority=urgent&page=1&limit=10",
              "host": [
                "{{base_url}}"
              ],
              "path": [
                "api",
                "cases"
              ],
              "query": [
                {
                  "key": "priority",
                  "value": "high",
                  "description": "Filter by high priority"
                },
                {
                  "key": "priority",
                  "value": "urgent",
                  "description": "Filter by urgent priority"
                },
                {
                  "key": "page",
                  "value": "1"
                },
                {
                  "key": "limit",
                  "value": "10"
                }
              ]
            },
            "description": "Filter cases by priority. Valid priorities: low, medium, high, urgent. Multiple priorities can be specified."
          },
          "response": []
        },
        {
          "name": "Filter by Assignee",
          "request": {
            "auth": {
              "type": "bearer",
              "bearer": [
                {
                  "key": "token",
                  "value": "{{token}}",
                  "type": "string"
                }
              ]
            },
            "method": "GET",
            "header": [],
            "url": {
              "raw": "{{base_url}}/api/cases?assignedTo={{user_id}}&page=1&limit=10",
              "host": [
                "{{base_url}}"
              ],
              "path": [
                "api",
                "cases"
              ],
              "query": [
                {
                  "key": "assignedTo",
                  "value": "{{user_id}}",
                  "description": "Filter by assigned user ID"
                },
                {
                  "key": "page",
                  "value": "1"
                },
                {
                  "key": "limit",
                  "value": "10"
                }
              ]
            },
            "description": "Filter cases assigned to a specific user."
          },
          "response": []
        },
        {
          "name": "Filter by Linked Entity",
          "request": {
            "auth": {
              "type": "bearer",
              "bearer": [
                {
                  "key": "token",
                  "value": "{{token}}",
                  "type": "string"
                }
              ]
            },
            "method": "GET",
            "header": [],
            "url": {
              "raw": "{{base_url}}/api/cases?linkedType=customer&linkedId={{customer_id}}&page=1&limit=10",
              "host": [
                "{{base_url}}"
              ],
              "path": [
                "api",
                "cases"
              ],
              "query": [
                {
                  "key": "linkedType",
                  "value": "customer",
                  "description": "Type of linked entity"
                },
                {
                  "key": "linkedId",
                  "value": "{{customer_id}}",
                  "description": "ID of linked entity"
                },
                {
                  "key": "page",
                  "value": "1"
                },
                {
                  "key": "limit",
                  "value": "10"
                }
              ]
            },
            "description": "Filter cases linked to a specific entity (customer, work order, invoice, etc.)."
          },
          "response": []
        },
        {
          "name": "Search Cases",
          "request": {
            "auth": {
              "type": "bearer",
              "bearer": [
                {
                  "key": "token",
                  "value": "{{token}}",
                  "type": "string"
                }
              ]
            },
            "method": "GET",
            "header": [],
            "url": {
              "raw": "{{base_url}}/api/cases?search=customer service&page=1&limit=10",
              "host": [
                "{{base_url}}"
              ],
              "path": [
                "api",
                "cases"
              ],
              "query": [
                {
                  "key": "search",
                  "value": "customer service",
                  "description": "Full-text search in title and description"
                },
                {
                  "key": "page",
                  "value": "1"
                },
                {
                  "key": "limit",
                  "value": "10"
                }
              ]
            },
            "description": "Perform full-text search across case titles and descriptions."
          },
          "response": []
        },
        {
          "name": "Filter by Tags",
          "request": {
            "auth": {
              "type": "bearer",
              "bearer": [
                {
                  "key": "token",
                  "value": "{{token}}",
                  "type": "string"
                }
              ]
            },
            "method": "GET",
            "header": [],
            "url": {
              "raw": "{{base_url}}/api/cases?tags=customer-service,urgent&page=1&limit=10",
              "host": [
                "{{base_url}}"
              ],
              "path": [
                "api",
                "cases"
              ],
              "query": [
                {
                  "key": "tags",
                  "value": "customer-service,urgent",
                  "description": "Filter by comma-separated tags"
                },
                {
                  "key": "page",
                  "value": "1"
                },
                {
                  "key": "limit",
                  "value": "10"
                }
              ]
            },
            "description": "Filter cases by tags. Multiple tags can be specified as comma-separated values."
          },
          "response": []
        },
        {
          "name": "Filter by Date Range",
          "request": {
            "auth": {
              "type": "bearer",
              "bearer": [
                {
                  "key": "token",
                  "value": "{{token}}",
                  "type": "string"
                }
              ]
            },
            "method": "GET",
            "header": [],
            "url": {
              "raw": "{{base_url}}/api/cases?createdAfter=2025-06-01T00:00:00Z&createdBefore=2025-06-30T23:59:59Z&page=1&limit=10",
              "host": [
                "{{base_url}}"
              ],
              "path": [
                "api",
                "cases"
              ],
              "query": [
                {
                  "key": "createdAfter",
                  "value": "2025-06-01T00:00:00Z",
                  "description": "Filter cases created after this date"
                },
                {
                  "key": "createdBefore",
                  "value": "2025-06-30T23:59:59Z",
                  "description": "Filter cases created before this date"
                },
                {
                  "key": "page",
                  "value": "1"
                },
                {
                  "key": "limit",
                  "value": "10"
                }
              ]
            },
            "description": "Filter cases by creation date range using ISO date format."
          },
          "response": []
        },
        {
          "name": "Complex Multi-Filter Query",
          "request": {
            "auth": {
              "type": "bearer",
              "bearer": [
                {
                  "key": "token",
                  "value": "{{token}}",
                  "type": "string"
                }
              ]
            },
            "method": "GET",
            "header": [],
            "url": {
              "raw": "{{base_url}}/api/cases?status=open&status=in-progress&priority=high&priority=urgent&assignedTo={{user_id}}&search=service&tags=customer-service&sortBy=priority&sortOrder=desc&page=1&limit=5",
              "host": [
                "{{base_url}}"
              ],
              "path": [
                "api",
                "cases"
              ],
              "query": [
                {
                  "key": "status",
                  "value": "open"
                },
                {
                  "key": "status",
                  "value": "in-progress"
                },
                {
                  "key": "priority",
                  "value": "high"
                },
                {
                  "key": "priority",
                  "value": "urgent"
                },
                {
                  "key": "assignedTo",
                  "value": "{{user_id}}"
                },
                {
                  "key": "search",
                  "value": "service"
                },
                {
                  "key": "tags",
                  "value": "customer-service"
                },
                {
                  "key": "sortBy",
                  "value": "priority"
                },
                {
                  "key": "sortOrder",
                  "value": "desc"
                },
                {
                  "key": "page",
                  "value": "1"
                },
                {
                  "key": "limit",
                  "value": "5"
                }
              ]
            },
            "description": "Complex query combining multiple filters: status, priority, assignee, search, tags, with sorting by priority."
          },
          "response": []
        }
      ],
      "description": "Advanced filtering and search capabilities for cases."
    },
    {
      "name": "Cases - Notes & Attachments",
      "item": [
        {
          "name": "Add Note to Case",
          "request": {
            "auth": {
              "type": "bearer",
              "bearer": [
                {
                  "key": "token",
                  "value": "{{token}}",
                  "type": "string"
                }
              ]
            },
            "method": "POST",
            "header": [
              {
                "key": "Content-Type",
                "value": "application/json"
              }
            ],
            "body": {
              "mode": "raw",
              "raw": "{\n  \"content\": \"Initial investigation completed. Found that the issue is related to the paint quality on the vehicle. Customer's complaint is valid and we need to schedule a rework session. Contacted the paint supplier to discuss the quality control issue.\"\n}"
            },
            "url": {
              "raw": "{{base_url}}/api/cases/{{case_id}}/notes",
              "host": [
                "{{base_url}}"
              ],
              "path": [
                "api",
                "cases",
                "{{case_id}}",
                "notes"
              ]
            },
            "description": "Add a note to an existing case. Notes are used for tracking progress and communication."
          },
          "response": []
        },
        {
          "name": "Upload Attachment",
          "request": {
            "auth": {
              "type": "bearer",
              "bearer": [
                {
                  "key": "token",
                  "value": "{{token}}",
                  "type": "string"
                }
              ]
            },
            "method": "POST",
            "header": [],
            "body": {
              "mode": "formdata",
              "formdata": [
                {
                  "key": "attachment",
                  "type": "file",
                  "src": [],
                  "description": "Select a file to upload (PDF, DOC, DOCX, XLS, XLSX, JPG, JPEG, PNG, GIF, TXT, CSV)"
                }
              ]
            },
            "url": {
              "raw": "{{base_url}}/api/cases/{{case_id}}/attachments",
              "host": [
                "{{base_url}}"
              ],
              "path": [
                "api",
                "cases",
                "{{case_id}}",
                "attachments"
              ]
            },
            "description": "Upload a file attachment to a case. Supported formats: PDF, DOC, DOCX, XLS, XLSX, JPG, JPEG, PNG, GIF, TXT, CSV. Maximum file size: 10MB."
          },
          "response": []
        }
      ],
      "description": "Operations for adding notes and file attachments to cases."
    },
    {
      "name": "Cases - Statistics & Analytics",
      "item": [
        {
          "name": "Get Case Statistics",
          "request": {
            "auth": {
              "type": "bearer",
              "bearer": [
                {
                  "key": "token",
                  "value": "{{token}}",
                  "type": "string"
                }
              ]
            },
            "method": "GET",
            "header": [],
            "url": {
              "raw": "{{base_url}}/api/cases/stats",
              "host": [
                "{{base_url}}"
              ],
              "path": [
                "api",
                "cases",
                "stats"
              ]
            },
            "description": "Get comprehensive case statistics including status breakdown, priority distribution, linked entity types, and performance metrics."
          },
          "response": []
        },
        {
          "name": "Get Statistics by Date Range",
          "request": {
            "auth": {
              "type": "bearer",
              "bearer": [
                {
                  "key": "token",
                  "value": "{{token}}",
                  "type": "string"
                }
              ]
            },
            "method": "GET",
            "header": [],
            "url": {
              "raw": "{{base_url}}/api/cases/stats?dateFrom=2025-06-01T00:00:00Z&dateTo=2025-06-30T23:59:59Z",
              "host": [
                "{{base_url}}"
              ],
              "path": [
                "api",
                "cases",
                "stats"
              ],
              "query": [
                {
                  "key": "dateFrom",
                  "value": "2025-06-01T00:00:00Z",
                  "description": "Start date for statistics"
                },
                {
                  "key": "dateTo",
                  "value": "2025-06-30T23:59:59Z",
                  "description": "End date for statistics"
                }
              ]
            },
            "description": "Get case statistics filtered by date range."
          },
          "response": []
        },
        {
          "name": "Get Statistics by Assignee",
          "request": {
            "auth": {
              "type": "bearer",
              "bearer": [
                {
                  "key": "token",
                  "value": "{{token}}",
                  "type": "string"
                }
              ]
            },
            "method": "GET",
            "header": [],
            "url": {
              "raw": "{{base_url}}/api/cases/stats?assignedTo={{user_id}}",
              "host": [
                "{{base_url}}"
              ],
              "path": [
                "api",
                "cases",
                "stats"
              ],
              "query": [
                {
                  "key": "assignedTo",
                  "value": "{{user_id}}",
                  "description": "Filter statistics by assigned user"
                }
              ]
            },
            "description": "Get case statistics for a specific assignee."
          },
          "response": []
        }
      ],
      "description": "Statistical analysis and reporting endpoints for case management."
    },
    {
      "name": "Test Data Setup",
      "item": [
        {
          "name": "Create Test Customer",
          "event": [
            {
              "listen": "test",
              "script": {
                "exec": [
                  "if (pm.response.code === 201) {",
                  "    const response = pm.response.json();",
                  "    pm.environment.set('customer_id', response.customer._id);",
                  "    console.log('Test customer created with ID:', response.customer._id);",
                  "}"
                ],
                "type": "text/javascript"
              }
            }
          ],
          "request": {
            "auth": {
              "type": "bearer",
              "bearer": [
                {
                  "key": "token",
                  "value": "{{token}}",
                  "type": "string"
                }
              ]
            },
            "method": "POST",
            "header": [
              {
                "key": "Content-Type",
                "value": "application/json"
              }
            ],
            "body": {
              "mode": "raw",
              "raw": "{\n  \"name\": \"Test Customer for Cases\",\n  \"email\": \"testcustomer@example.com\",\n  \"phone\": \"+1234567890\",\n  \"address\": \"123 Test Street, Test City\",\n  \"vehicles\": [\n    {\n      \"plate_number\": \"TEST123\",\n      \"brand\": \"Toyota\",\n      \"model\": \"Camry\",\n      \"year\": 2020,\n      \"color\": \"White\",\n      \"vin\": \"1234567890ABCDEF0\"\n    }\n  ]\n}"
            },
            "url": {
              "raw": "{{base_url}}/api/customers",
              "host": [
                "{{base_url}}"
              ],
              "path": [
                "api",
                "customers"
              ]
            },
            "description": "Create a test customer to link with cases. The customer ID will be saved for use in case creation."
          },
          "response": []
        },
        {
          "name": "Create Multiple Test Cases",
          "request": {
            "auth": {
              "type": "bearer",
              "bearer": [
                {
                  "key": "token",
                  "value": "{{token}}",
                  "type": "string"
                }
              ]
            },
            "method": "POST",
            "header": [
              {
                "key": "Content-Type",
                "value": "application/json"
              }
            ],
            "body": {
              "mode": "raw",
              "raw": "{\n  \"title\": \"Paint Quality Issue\",\n  \"description\": \"Customer reported poor paint quality on their vehicle after service. Paint is peeling and showing signs of poor adhesion. This requires immediate attention as it affects the vehicle's appearance and may lead to rust issues.\",\n  \"priority\": \"medium\",\n  \"status\": \"open\",\n  \"linkedTo\": {\n    \"type\": \"customer\",\n    \"id\": \"{{customer_id}}\",\n    \"reference\": \"CUST-TEST-001\"\n  },\n  \"tags\": [\"paint\", \"quality\", \"warranty\"]\n}"
            },
            "url": {
              "raw": "{{base_url}}/api/cases",
              "host": [
                "{{base_url}}"
              ],
              "path": [
                "api",
                "cases"
              ]
            },
            "description": "Create additional test cases with different priorities and statuses for testing filtering and statistics."
          },
          "response": []
        }
      ],
      "description": "Helper endpoints to create test data for comprehensive case management testing."
    },
    {
      "name": "Real-world Scenarios",
      "item": [
        {
          "name": "Escalation Workflow",
          "request": {
            "auth": {
              "type": "bearer",
              "bearer": [
                {
                  "key": "token",
                  "value": "{{token}}",
                  "type": "string"
                }
              ]
            },
            "method": "PUT",
            "header": [
              {
                "key": "Content-Type",
                "value": "application/json"
              }
            ],
            "body": {
              "mode": "raw",
              "raw": "{\n  \"priority\": \"urgent\",\n  \"status\": \"in-progress\",\n  \"tags\": [\"customer-service\", \"quality-issue\", \"urgent\", \"escalated\", \"manager-review\"]\n}"
            },
            "url": {
              "raw": "{{base_url}}/api/cases/{{case_id}}",
              "host": [
                "{{base_url}}"
              ],
              "path": [
                "api",
                "cases",
                "{{case_id}}"
              ]
            },
            "description": "Simulate escalating a case by updating priority to urgent and adding escalation tags."
          },
          "response": []
        },
        {
          "name": "Resolution Workflow",
          "request": {
            "auth": {
              "type": "bearer",
              "bearer": [
                {
                  "key": "token",
                  "value": "{{token}}",
                  "type": "string"
                }
              ]
            },
            "method": "PUT",
            "header": [
              {
                "key": "Content-Type",
                "value": "application/json"
              }
            ],
            "body": {
              "mode": "raw",
              "raw": "{\n  \"status\": \"resolved\"\n}"
            },
            "url": {
              "raw": "{{base_url}}/api/cases/{{case_id}}",
              "host": [
                "{{base_url}}"
              ],
              "path": [
                "api",
                "cases",
                "{{case_id}}"
              ]
            },
            "description": "Mark a case as resolved after the issue has been addressed."
          },
          "response": []
        },
        {
          "name": "Case Closure",
          "request": {
            "auth": {
              "type": "bearer",
              "bearer": [
                {
                  "key": "token",
                  "value": "{{token}}",
                  "type": "string"
                }
              ]
            },
            "method": "PUT",
            "header": [
              {
                "key": "Content-Type",
                "value": "application/json"
              }
            ],
            "body": {
              "mode": "raw",
              "raw": "{\n  \"status\": \"closed\"\n}"
            },
            "url": {
              "raw": "{{base_url}}/api/cases/{{case_id}}",
              "host": [
                "{{base_url}}"
              ],
              "path": [
                "api",
                "cases",
                "{{case_id}}"
              ]
            },
            "description": "Close a resolved case, indicating it's completely finished and no further action is needed."
          },
          "response": []
        }
      ],
      "description": "Common real-world workflows for case management."
    }
  ],
  "event": [
    {
      "listen": "prerequest",
      "script": {
        "type": "text/javascript",
        "exec": [
          ""
        ]
      }
    },
    {
      "listen": "test",
      "script": {
        "type": "text/javascript",
        "exec": [
          ""
        ]
      }
    }
  ],
  "variable": [
    {
      "key": "base_url",
      "value": "http://localhost:3000",
      "type": "string"
    },
    {
      "key": "token",
      "value": "",
      "type": "string"
    },
    {
      "key": "user_id",
      "value": "",
      "type": "string"
    },
    {
      "key": "case_id",
      "value": "",
      "type": "string"
    },
    {
      "key": "customer_id",
      "value": "",
      "type": "string"
    }
  ]
}
