{
  "info": {
    "_postman_id": "c8d3f456-e27d-5f98-bb4c-d9a7b4e12f18",
    "name": "Variations API",
    "schema": "https://schema.getpostman.com/json/collection/v2.1.0/collection.json"
  },
  "item": [
    {
      "name": "Get All Variations",
      "request": {
        "method": "GET",
        "header": [
          {
            "key": "Authorization",
            "value": "Bearer {{token}}",
            "type": "text"
          }
        ],
        "url": {
          "raw": "{{baseUrl}}/api/variations",
          "host": ["{{baseUrl}}"],
          "path": ["api", "variations"]
        },
        "description": "Get a list of all available service variations."
      },
      "response": []
    },
    {
      "name": "Get Variation By ID",
      "request": {
        "method": "GET",
        "header": [
          {
            "key": "Authorization",
            "value": "Bearer {{token}}",
            "type": "text"
          }
        ],
        "url": {
          "raw": "{{baseUrl}}/api/variations/{{variation_id}}",
          "host": ["{{baseUrl}}"],
          "path": ["api", "variations", "{{variation_id}}"]
        },
        "description": "Get a single variation by its ID."
      },
      "response": []
    },
    {
      "name": "Get Variation By ID with Stages",
      "request": {
        "method": "GET",
        "header": [
          {
            "key": "Authorization",
            "value": "Bearer {{token}}",
            "type": "text"
          }
        ],
        "url": {
          "raw": "{{baseUrl}}/api/variations/{{variation_id}}?include=stages",
          "host": ["{{baseUrl}}"],
          "path": ["api", "variations", "{{variation_id}}"],
          "query": [
            {
              "key": "include",
              "value": "stages"
            }
          ]
        },
        "description": "Get a single variation by its ID with full stage objects included."
      },
      "response": []
    },
    {
      "name": "Get Variation By Code",
      "request": {
        "method": "GET",
        "header": [
          {
            "key": "Authorization",
            "value": "Bearer {{token}}",
            "type": "text"
          }
        ],
        "url": {
          "raw": "{{baseUrl}}/api/variations/code/{{variation_code}}",
          "host": ["{{baseUrl}}"],
          "path": ["api", "variations", "code", "{{variation_code}}"]
        },
        "description": "Get a single variation by its unique code."
      },
      "response": []
    },
    {
      "name": "Create New Variation",
      "request": {
        "method": "POST",
        "header": [
          {
            "key": "Authorization",
            "value": "Bearer {{token}}",
            "type": "text"
          },
          {
            "key": "Content-Type",
            "value": "application/json",
            "type": "text"
          }
        ],
        "body": {
          "mode": "raw",
          "raw": "{\n    \"code\": \"PDR\",\n    \"description\": \"Paintless Dent Repair\",\n    \"defaultLaborHours\": 2.5,\n    \"defaultStages\": [\"{{stage1_id}}\", \"{{stage2_id}}\", \"{{stage3_id}}\"]\n}"
        },
        "url": {
          "raw": "{{baseUrl}}/api/variations",
          "host": ["{{baseUrl}}"],
          "path": ["api", "variations"]
        },
        "description": "Create a new service variation."
      },
      "response": []
    },
    {
      "name": "Update Variation",
      "request": {
        "method": "PUT",
        "header": [
          {
            "key": "Authorization",
            "value": "Bearer {{token}}",
            "type": "text"
          },
          {
            "key": "Content-Type",
            "value": "application/json",
            "type": "text"
          }
        ],
        "body": {
          "mode": "raw",
          "raw": "{\n    \"description\": \"Professional Paintless Dent Repair\",\n    \"defaultLaborHours\": 3.0,\n    \"defaultStages\": [\"{{stage1_id}}\", \"{{stage2_id}}\", \"{{stage3_id}}\", \"{{stage4_id}}\"]\n}"
        },
        "url": {
          "raw": "{{baseUrl}}/api/variations/{{variation_id}}",
          "host": ["{{baseUrl}}"],
          "path": ["api", "variations", "{{variation_id}}"]
        },
        "description": "Update an existing service variation."
      },
      "response": []
    },
    {
      "name": "Delete Variation",
      "request": {
        "method": "DELETE",
        "header": [
          {
            "key": "Authorization",
            "value": "Bearer {{token}}",
            "type": "text"
          }
        ],
        "url": {
          "raw": "{{baseUrl}}/api/variations/{{variation_id}}",
          "host": ["{{baseUrl}}"],
          "path": ["api", "variations", "{{variation_id}}"]
        },
        "description": "Delete a service variation."
      },
      "response": []
    }
  ],
  "event": [
    {
      "listen": "prerequest",
      "script": {
        "type": "text/javascript",
        "exec": [""]
      }
    },
    {
      "listen": "test",
      "script": {
        "type": "text/javascript",
        "exec": [""]
      }
    }
  ],
  "variable": [
    {
      "key": "baseUrl",
      "value": "http://localhost:3000",
      "type": "string"
    },
    {
      "key": "token",
      "value": "",
      "type": "string"
    },
    {
      "key": "variation_id",
      "value": "",
      "type": "string"
    },
    {
      "key": "variation_code",
      "value": "PDR",
      "type": "string"
    },
    {
      "key": "stage1_id",
      "value": "",
      "type": "string"
    },
    {
      "key": "stage2_id",
      "value": "",
      "type": "string"
    },
    {
      "key": "stage3_id",
      "value": "",
      "type": "string"
    },
    {
      "key": "stage4_id",
      "value": "",
      "type": "string"
    }
  ]
}
