{
  "info": {
    "_postman_id": "2b3f6d8a-e9c4-4d2f-a605-937c10c48fb4",
    "name": "GMS - Invoices",
    "description": "A collection for testing the Invoice API endpoints in the Garage Management System.",
    "schema": "https://schema.getpostman.com/json/collection/v2.1.0/collection.json"
  },
  "item": [
    {
      "name": "Create Invoice",
      "request": {
        "auth": {
          "type": "bearer",
          "bearer": [
            {
              "key": "token",
              "value": "{{token}}",
              "type": "string"
            }
          ]
        },
        "method": "POST",
        "header": [
          {
            "key": "Content-Type",
            "value": "application/json"
          }
        ],
        "body": {
          "mode": "raw",
          "raw": "{\n  \"customer_id\": \"{{customer_id}}\",\n  \"vehicle_id\": 1,\n  \"invoice_date\": \"{{$isoTimestamp}}\",\n  \"expected_delivery_date\": \"{{$isoTimestamp}}\",\n  \"price\": 1000.00,\n  \"vat\": 5,\n  \"ratio\": 0.75,\n  \"notes\": \"Initial service invoice\",\n  \"special_requests\": \"Customer requested express service\",\n  \"payment_records\": [\n    {\n      \"payment_date\": \"{{$isoTimestamp}}\",\n      \"amount\": 500.00,\n      \"payment_method\": \"card\",\n      \"is_downpayment\": true,\n      \"reference\": \"TX123456\",\n      \"notes\": \"Downpayment\"\n    }\n  ]\n}"
        },
        "url": {
          "raw": "{{base_url}}/api/invoices",
          "host": [
            "{{base_url}}"
          ],
          "path": [
            "api",
            "invoices"
          ]
        },
        "description": "Create a new invoice in the system."
      },
      "response": []
    },
    {
      "name": "Get All Invoices",
      "request": {
        "auth": {
          "type": "bearer",
          "bearer": [
            {
              "key": "token",
              "value": "{{token}}",
              "type": "string"
            }
          ]
        },
        "method": "GET",
        "header": [],
        "url": {
          "raw": "{{base_url}}/api/invoices",
          "host": [
            "{{base_url}}"
          ],
          "path": [
            "api",
            "invoices"
          ],
          "query": [
            {
              "key": "customer_id",
              "value": "{{customer_id}}",
              "disabled": true
            },
            {
              "key": "date_from",
              "value": "2023-01-01",
              "disabled": true
            },
            {
              "key": "date_to",
              "value": "2023-12-31",
              "disabled": true
            }
          ]
        },
        "description": "Retrieve all invoices with optional filters."
      },
      "response": []
    },
    {
      "name": "Get Invoice by ID",
      "request": {
        "auth": {
          "type": "bearer",
          "bearer": [
            {
              "key": "token",
              "value": "{{token}}",
              "type": "string"
            }
          ]
        },
        "method": "GET",
        "header": [],
        "url": {
          "raw": "{{base_url}}/api/invoices/{{invoice_id}}",
          "host": [
            "{{base_url}}"
          ],
          "path": [
            "api",
            "invoices",
            "{{invoice_id}}"
          ]
        },
        "description": "Retrieve a specific invoice by ID."
      },
      "response": []
    },
    {
      "name": "Get Invoice by Number",
      "request": {
        "auth": {
          "type": "bearer",
          "bearer": [
            {
              "key": "token",
              "value": "{{token}}",
              "type": "string"
            }
          ]
        },
        "method": "GET",
        "header": [],
        "url": {
          "raw": "{{base_url}}/api/invoices/number/{{invoice_number}}",
          "host": [
            "{{base_url}}"
          ],
          "path": [
            "api",
            "invoices",
            "number",
            "{{invoice_number}}"
          ]
        },
        "description": "Retrieve a specific invoice by its invoice number."
      },
      "response": []
    },
    {
      "name": "Get Invoices by Customer",
      "request": {
        "auth": {
          "type": "bearer",
          "bearer": [
            {
              "key": "token",
              "value": "{{token}}",
              "type": "string"
            }
          ]
        },
        "method": "GET",
        "header": [],
        "url": {
          "raw": "{{base_url}}/api/invoices/customer/{{customer_id}}",
          "host": [
            "{{base_url}}"
          ],
          "path": [
            "api",
            "invoices",
            "customer",
            "{{customer_id}}"
          ]
        },
        "description": "Retrieve all invoices for a specific customer."
      },
      "response": []
    },
    {
      "name": "Update Invoice",
      "request": {
        "auth": {
          "type": "bearer",
          "bearer": [
            {
              "key": "token",
              "value": "{{token}}",
              "type": "string"
            }
          ]
        },
        "method": "PUT",
        "header": [
          {
            "key": "Content-Type",
            "value": "application/json"
          }
        ],
        "body": {
          "mode": "raw",
          "raw": "{\n  \"price\": 1200.00,\n  \"notes\": \"Updated service invoice with additional services\",\n  \"special_requests\": \"Customer requested express service and detailed report\"\n}"
        },
        "url": {
          "raw": "{{base_url}}/api/invoices/{{invoice_id}}",
          "host": [
            "{{base_url}}"
          ],
          "path": [
            "api",
            "invoices",
            "{{invoice_id}}"
          ]
        },
        "description": "Update an existing invoice."
      },
      "response": []
    },
    {
      "name": "Delete Invoice",
      "request": {
        "auth": {
          "type": "bearer",
          "bearer": [
            {
              "key": "token",
              "value": "{{token}}",
              "type": "string"
            }
          ]
        },
        "method": "DELETE",
        "header": [],
        "url": {
          "raw": "{{base_url}}/api/invoices/{{invoice_id}}",
          "host": [
            "{{base_url}}"
          ],
          "path": [
            "api",
            "invoices",
            "{{invoice_id}}"
          ]
        },
        "description": "Delete an invoice by ID."
      },
      "response": []
    },
    {
      "name": "Add Payment Record",
      "request": {
        "auth": {
          "type": "bearer",
          "bearer": [
            {
              "key": "token",
              "value": "{{token}}",
              "type": "string"
            }
          ]
        },
        "method": "POST",
        "header": [
          {
            "key": "Content-Type",
            "value": "application/json"
          }
        ],
        "body": {
          "mode": "raw",
          "raw": "{\n  \"payment_date\": \"{{$isoTimestamp}}\",\n  \"amount\": 500.00,\n  \"payment_method\": \"cash\",\n  \"is_downpayment\": false,\n  \"reference\": \"CS123456\",\n  \"notes\": \"Final payment\"\n}"
        },
        "url": {
          "raw": "{{base_url}}/api/invoices/{{invoice_id}}/payments",
          "host": [
            "{{base_url}}"
          ],
          "path": [
            "api",
            "invoices",
            "{{invoice_id}}",
            "payments"
          ]
        },
        "description": "Add a payment record to an invoice."
      },
      "response": []
    },
    {
      "name": "Update Payment Record",
      "request": {
        "auth": {
          "type": "bearer",
          "bearer": [
            {
              "key": "token",
              "value": "{{token}}",
              "type": "string"
            }
          ]
        },
        "method": "PUT",
        "header": [
          {
            "key": "Content-Type",
            "value": "application/json"
          }
        ],
        "body": {
          "mode": "raw",
          "raw": "{\n  \"amount\": 550.00,\n  \"payment_method\": \"bank_transfer\",\n  \"notes\": \"Updated payment details\"\n}"
        },
        "url": {
          "raw": "{{base_url}}/api/invoices/{{invoice_id}}/payments/0",
          "host": [
            "{{base_url}}"
          ],
          "path": [
            "api",
            "invoices",
            "{{invoice_id}}",
            "payments",
            "0"
          ]
        },
        "description": "Update a payment record in an invoice."
      },
      "response": []
    },
    {
      "name": "Remove Payment Record",
      "request": {
        "auth": {
          "type": "bearer",
          "bearer": [
            {
              "key": "token",
              "value": "{{token}}",
              "type": "string"
            }
          ]
        },
        "method": "DELETE",
        "header": [],
        "url": {
          "raw": "{{base_url}}/api/invoices/{{invoice_id}}/payments/0",
          "host": [
            "{{base_url}}"
          ],
          "path": [
            "api",
            "invoices",
            "{{invoice_id}}",
            "payments",
            "0"
          ]
        },
        "description": "Remove a payment record from an invoice."
      },
      "response": []
    },
    {
      "name": "Add Image",
      "request": {
        "auth": {
          "type": "bearer",
          "bearer": [
            {
              "key": "token",
              "value": "{{token}}",
              "type": "string"
            }
          ]
        },
        "method": "POST",
        "header": [
          {
            "key": "Content-Type",
            "value": "application/json"
          }
        ],
        "body": {
          "mode": "raw",
          "raw": "{\n  \"url\": \"https://example.com/invoice_image.jpg\",\n  \"title\": \"Invoice Receipt\",\n  \"description\": \"Receipt for payment\",\n  \"upload_date\": \"{{$isoTimestamp}}\"\n}"
        },
        "url": {
          "raw": "{{base_url}}/api/invoices/{{invoice_id}}/images",
          "host": [
            "{{base_url}}"
          ],
          "path": [
            "api",
            "invoices",
            "{{invoice_id}}",
            "images"
          ]
        },
        "description": "Add an image to an invoice."
      },
      "response": []
    },
    {
      "name": "Remove Image",
      "request": {
        "auth": {
          "type": "bearer",
          "bearer": [
            {
              "key": "token",
              "value": "{{token}}",
              "type": "string"
            }
          ]
        },
        "method": "DELETE",
        "header": [
          {
            "key": "Content-Type",
            "value": "application/json"
          }
        ],
        "body": {
          "mode": "raw",
          "raw": "{\n  \"imageUrl\": \"https://example.com/invoice_image.jpg\"\n}"
        },
        "url": {
          "raw": "{{base_url}}/api/invoices/{{invoice_id}}/images",
          "host": [
            "{{base_url}}"
          ],
          "path": [
            "api",
            "invoices",
            "{{invoice_id}}",
            "images"
          ]
        },
        "description": "Remove an image from an invoice."
      },
      "response": []
    }
  ],
  "variable": [
    {
      "key": "base_url",
      "value": "http://localhost:3000",
      "type": "string"
    },
    {
      "key": "token",
      "value": "",
      "type": "string"
    },
    {
      "key": "customer_id",
      "value": "",
      "type": "string"
    },
    {
      "key": "invoice_id",
      "value": "",
      "type": "string"
    },
    {
      "key": "invoice_number",
      "value": "",
      "type": "string"
    }
  ]
}
